id,first_name,last_name,email,gender,ip_address,done
1,Merlina,Manser,mmanser0@myspace.com,Female,90.185.2.241,true
2,Peyton,Duddle,pduddle1@time.com,Male,238.58.15.192,true
3,Cliff,Woolaghan,cwoolaghan2@nyu.edu,Male,146.98.27.125,false
4,Delly,Jermey,djermey3@sakura.ne.jp,Female,89.197.188.55,true
5,Seka,Riba,sriba4@sbwire.com,Female,159.11.195.163,true
6,Misti,Skuce,mskuce5@sfgate.com,Female,209.81.187.142,true
7,Lucius,Crane,lcrane6@reverbnation.com,Male,74.91.74.158,true
8,Jeddy,Hammell,jhammell7@sfgate.com,Agender,82.45.103.128,false
9,Harlen,Dytham,hdytham8@salon.com,Male,213.16.149.73,false
10,Dorthea,Senton,dsenton9@marketwatch.com,Female,71.91.21.0,false
11,Jeri,Greeveson,jgreevesona@comsenz.com,Female,210.229.233.135,true
12,Staci,McGillicuddy,smcgillicuddyb@vistaprint.com,Polygender,177.245.77.4,false
13,Thorny,Jeaffreson,tjeaffresonc@cocolog-nifty.com,Male,11.50.164.90,true
14,Amandie,Bullas,abullasd@home.pl,Female,133.27.219.37,true
15,Shanan,Stirrup,sstirrupe@fda.gov,Male,112.200.11.152,true
16,Rudie,Hauck,rhauckf@latimes.com,Male,210.77.11.188,false
17,Chane,Medcalf,cmedcalfg@meetup.com,Male,131.122.53.220,true
18,Filippo,Airlie,fairlieh@tuttocitta.it,Male,188.51.194.46,false
19,Kean,Caisley,kcaisleyi@51.la,Male,11.224.145.127,false
20,Imogen,Layland,ilaylandj@tumblr.com,Female,68.26.70.241,true
21,Ernie,Bonhome,ebonhomek@sciencedaily.com,Male,153.61.227.11,false
22,Pooh,Hafford,phaffordl@over-blog.com,Male,183.15.59.11,true
23,Udall,Sherer,ushererm@indiatimes.com,Male,109.115.170.236,true
24,Thekla,Gookey,tgookeyn@ask.com,Female,52.68.59.206,false
25,Gloriana,Jaukovic,gjaukovico@epa.gov,Female,14.179.241.117,false
26,Page,Burgett,pburgettp@omniture.com,Female,120.219.107.250,false
27,Elicia,Jakovijevic,ejakovijevicq@topsy.com,Female,72.76.67.125,false
28,William,Godsafe,wgodsafer@behance.net,Male,54.89.97.181,false
29,Cathee,Ledster,cledsters@123-reg.co.uk,Female,130.174.242.9,false
30,Rozina,McRannell,rmcrannellt@cargocollective.com,Female,29.1.116.128,false
31,Terry,Prestidge,tprestidgeu@hud.gov,Female,140.250.172.106,false
32,Gardiner,Avo,gavov@webs.com,Male,248.219.238.253,false
33,Miranda,Greenleaf,mgreenleafw@ihg.com,Female,56.237.45.51,false
34,Nonna,Braney,nbraneyx@gizmodo.com,Female,30.61.9.60,false
35,Rickard,Wythill,rwythilly@imdb.com,Male,54.77.229.66,false
36,Emery,Bridge,ebridgez@msu.edu,Male,169.165.164.65,false
37,Bendix,Charopen,bcharopen10@amazon.co.jp,Polygender,78.162.15.55,true
38,Shepperd,Poller,spoller11@yelp.com,Male,44.79.225.161,true
39,Marthena,Hourihan,mhourihan12@imdb.com,Female,223.197.227.200,false
40,Joellyn,Borgars,jborgars13@jimdo.com,Female,27.115.205.190,true
41,Trstram,Morfell,tmorfell14@un.org,Male,123.64.205.106,true
42,Jobye,Snalom,jsnalom15@mozilla.org,Female,184.124.92.102,false
43,Meier,Yardley,myardley16@npr.org,Male,65.15.186.4,false
44,Mikaela,Maplethorpe,mmaplethorpe17@shareasale.com,Female,87.77.41.160,true
45,Maurine,Howsley,mhowsley18@google.es,Female,214.118.134.180,false
46,Moritz,Fowkes,mfowkes19@newsvine.com,Male,71.240.183.200,true
47,Cherry,Sallarie,csallarie1a@amazon.co.uk,Female,16.165.218.86,false
48,Nev,Petraitis,npetraitis1b@newsvine.com,Male,252.49.145.191,false
49,Kristal,McSkin,kmcskin1c@go.com,Female,101.215.190.48,true
50,Maison,Cossington,mcossington1d@comcast.net,Male,42.60.22.81,false
51,Dermot,Gilli,dgilli1e@umn.edu,Male,208.53.238.180,false
52,Cointon,Baroch,cbaroch1f@craigslist.org,Male,50.36.176.114,false
53,Gardner,Reiach,greiach1g@mayoclinic.com,Male,177.144.12.198,false
54,Xylia,Pleager,xpleager1h@quantcast.com,Female,98.74.29.109,false
55,Carline,Feetham,cfeetham1i@ucoz.com,Female,114.198.23.43,true
56,Harland,Adkins,hadkins1j@xinhuanet.com,Male,103.81.31.150,true
57,Lina,Mc Faul,lmcfaul1k@unc.edu,Female,150.193.48.31,true
58,Sonnie,Heppner,sheppner1l@pinterest.com,Male,157.88.6.150,false
59,Sonni,Boise,sboise1m@issuu.com,Female,134.20.22.167,true
60,Mil,Vivyan,mvivyan1n@ca.gov,Female,185.92.240.203,false
61,Albrecht,Skillern,askillern1o@mayoclinic.com,Male,66.41.153.253,true
62,Tammi,Rowlinson,trowlinson1p@gmpg.org,Female,181.209.229.105,true
63,Bendick,Mazella,bmazella1q@diigo.com,Male,197.76.58.79,false
64,Wiatt,Keasey,wkeasey1r@networkadvertising.org,Male,14.223.66.235,true
65,Barbaraanne,Fedorchenko,bfedorchenko1s@artisteer.com,Female,66.101.165.118,true
66,Hephzibah,Walmsley,hwalmsley1t@reddit.com,Bigender,162.76.234.146,true
67,Rhianna,Cutforth,rcutforth1u@usnews.com,Female,237.120.44.0,false
68,Valle,Stennet,vstennet1v@fastcompany.com,Male,206.62.194.36,true
69,Mill,Cheng,mcheng1w@51.la,Male,68.15.210.123,true
70,Amie,Venditto,avenditto1x@reuters.com,Female,231.4.27.204,false
71,Victor,Loade,vloade1y@ted.com,Male,75.64.65.100,false
72,Demetris,Haller,dhaller1z@bloomberg.com,Female,70.98.115.41,true
73,Kevan,Hanigan,khanigan20@mysql.com,Genderfluid,169.127.44.157,false
74,Vinny,Toyer,vtoyer21@ebay.co.uk,Female,44.206.176.155,false
75,Homer,Freschi,hfreschi22@wisc.edu,Male,215.121.90.68,true
76,Alene,Coverdill,acoverdill23@umn.edu,Female,98.17.51.202,true
77,Pate,Archer,parcher24@jimdo.com,Male,65.148.109.201,false
78,Jozef,Olechnowicz,jolechnowicz25@seesaa.net,Male,81.172.102.155,true
79,Daryle,Verlinden,dverlinden26@technorati.com,Male,7.37.141.75,false
80,Adlai,Alcock,aalcock27@nasa.gov,Male,39.229.12.27,true
81,Nerti,Senyard,nsenyard28@blogspot.com,Female,43.137.183.245,true
82,Easter,Finder,efinder29@furl.net,Female,214.36.146.156,true
83,Guinevere,MacKissack,gmackissack2a@hhs.gov,Female,92.248.60.229,true
84,Ulric,Shemming,ushemming2b@spotify.com,Male,43.142.207.150,false
85,Huey,Byre,hbyre2c@cnn.com,Male,78.81.19.185,true
86,Aguistin,Terren,aterren2d@indiegogo.com,Male,84.175.253.50,true
87,Marcelline,Belsham,mbelsham2e@irs.gov,Female,110.91.95.196,true
88,Alford,Powner,apowner2f@newsvine.com,Male,36.41.20.187,true
89,Ansel,Diamond,adiamond2g@hibu.com,Agender,188.206.197.214,false
90,Ab,Barrow,abarrow2h@simplemachines.org,Male,230.173.185.107,false
91,Max,Eymer,meymer2i@pinterest.com,Female,198.184.217.171,true
92,Maible,Culleford,mculleford2j@examiner.com,Female,41.38.232.51,true
93,Etti,Ausello,eausello2k@tuttocitta.it,Female,151.232.184.113,false
94,Nicolas,Forster,nforster2l@ezinearticles.com,Male,189.98.62.149,false
95,Mendie,Dymond,mdymond2m@bbb.org,Genderfluid,93.37.178.31,true
96,Wesley,Spong,wspong2n@pbs.org,Male,170.198.208.34,true
97,Myranda,Dimeloe,mdimeloe2o@deviantart.com,Female,35.5.171.46,false
98,Bee,Boise,bboise2p@linkedin.com,Female,177.18.217.228,false
99,Herminia,D'Aeth,hdaeth2q@army.mil,Female,186.174.69.34,true
100,Guthrie,Smewings,gsmewings2r@phoca.cz,Male,72.229.239.152,false
101,Elli,Roakes,eroakes2s@dmoz.org,Female,123.218.147.174,false
102,Sergio,Draycott,sdraycott2t@shareasale.com,Male,24.163.189.7,true
103,Leisha,Blakeman,lblakeman2u@xing.com,Non-binary,243.7.2.91,true
104,Eberto,Alldis,ealldis2v@nytimes.com,Male,198.251.64.214,true
105,Tyson,Pilmer,tpilmer2w@bigcartel.com,Male,46.17.6.15,false
106,Tadeo,Krollman,tkrollman2x@yandex.ru,Non-binary,99.244.43.221,true
107,Quintus,Neild,qneild2y@nyu.edu,Male,67.14.35.243,true
108,Celle,Willmott,cwillmott2z@adobe.com,Female,38.64.146.212,false
109,Hadria,Petrenko,hpetrenko30@e-recht24.de,Female,45.164.191.123,false
110,Ania,Amiable,aamiable31@npr.org,Female,92.236.41.198,false
111,Jerald,Ungerer,jungerer32@stanford.edu,Male,60.99.97.243,true
112,Saundra,Pomery,spomery33@printfriendly.com,Male,236.232.184.31,false
113,Evelin,Sabberton,esabberton34@seesaa.net,Male,173.10.41.46,false
114,Benjamen,Darter,bdarter35@about.me,Male,91.161.147.67,false
115,Livvy,Tallyn,ltallyn36@nytimes.com,Female,10.166.57.139,true
116,Garald,Fonzone,gfonzone37@ucla.edu,Genderfluid,135.208.200.211,true
117,Milena,Marmyon,mmarmyon38@sbwire.com,Female,252.63.61.140,true
118,Hulda,Sturridge,hsturridge39@ycombinator.com,Female,214.94.149.200,false
119,Debee,Hubbuck,dhubbuck3a@icq.com,Female,202.154.58.126,true
120,Regina,Bedberry,rbedberry3b@bing.com,Female,198.65.20.208,false
121,Jesse,Cordobes,jcordobes3c@deliciousdays.com,Male,228.53.139.10,true
122,Leanna,Slinger,lslinger3d@washingtonpost.com,Female,141.241.215.65,false
123,Marta,Strutley,mstrutley3e@youku.com,Female,128.112.249.207,true
124,Joela,Rudyard,jrudyard3f@answers.com,Female,15.220.225.203,false
125,Albrecht,Attew,aattew3g@bravesites.com,Male,84.178.134.114,true
126,Katleen,Soans,ksoans3h@ihg.com,Female,140.70.47.240,false
127,Myriam,Sparke,msparke3i@goo.ne.jp,Female,206.133.52.56,false
128,Gael,Colbourn,gcolbourn3j@ow.ly,Male,252.161.48.3,false
129,Fax,Mynett,fmynett3k@canalblog.com,Male,58.212.184.26,true
130,Maryellen,Ashall,mashall3l@cam.ac.uk,Female,139.33.18.197,false
131,Pall,Moan,pmoan3m@blogger.com,Male,85.21.206.98,false
132,Dylan,Kobelt,dkobelt3n@skyrock.com,Male,0.202.253.179,false
133,Saunders,McGrill,smcgrill3o@imgur.com,Polygender,21.222.50.84,false
134,Dickie,Reilly,dreilly3p@hatena.ne.jp,Male,105.35.240.28,false
135,Ilaire,Sherrott,isherrott3q@facebook.com,Male,6.221.95.38,false
136,Paulo,Crayton,pcrayton3r@php.net,Male,254.164.233.85,true
137,Eric,Davidson,edavidson3s@mayoclinic.com,Male,115.245.152.101,false
138,Augie,Oman,aoman3t@tripod.com,Genderfluid,89.34.127.11,true
139,Pablo,Pele,ppele3u@hexun.com,Male,117.160.24.89,false
140,Fabio,Janota,fjanota3v@fotki.com,Bigender,159.162.162.224,true
141,Umberto,Beaglehole,ubeaglehole3w@sourceforge.net,Male,176.208.33.232,true
142,Ellwood,Titley,etitley3x@youtu.be,Male,192.89.78.152,true
143,Violet,Garraway,vgarraway3y@arizona.edu,Female,117.39.254.122,true
144,Brantley,Harbidge,bharbidge3z@sitemeter.com,Male,16.19.240.80,true
145,Yorgo,Andreacci,yandreacci40@comcast.net,Male,33.195.189.165,true
146,Fina,MacDearmaid,fmacdearmaid41@bbb.org,Female,41.41.49.109,true
147,Miriam,Rivelin,mrivelin42@nyu.edu,Female,191.72.130.53,true
148,Gil,Kisbee,gkisbee43@ted.com,Agender,247.155.97.214,false
149,Micky,Ritmeier,mritmeier44@mlb.com,Male,81.169.158.251,false
150,Hansiain,Housen,hhousen45@sciencedirect.com,Male,32.77.48.201,true
151,Reg,Esom,resom46@google.pl,Male,138.168.194.254,false
152,Edwin,Goulbourn,egoulbourn47@reference.com,Male,41.73.27.111,false
153,Bartholomeus,Hansley,bhansley48@furl.net,Male,181.180.136.153,true
154,Mirabella,Patrie,mpatrie49@posterous.com,Female,110.44.249.112,true
155,Rod,McConway,rmcconway4a@engadget.com,Male,152.69.174.93,false
156,Sebastien,Courteney,scourteney4b@mozilla.com,Male,30.197.191.17,false
157,Emelda,Snook,esnook4c@surveymonkey.com,Female,230.82.75.29,false
158,Jeromy,McCurtain,jmccurtain4d@domainmarket.com,Male,49.200.82.53,false
159,Mirella,Fazzioli,mfazzioli4e@ning.com,Genderfluid,55.162.253.198,true
160,Creighton,Sayle,csayle4f@wix.com,Male,79.98.14.18,true
161,Katleen,Legister,klegister4g@bloglovin.com,Female,218.106.181.218,false
162,Opaline,Lambersen,olambersen4h@github.com,Female,194.114.119.100,false
163,Hattie,Couche,hcouche4i@squarespace.com,Polygender,144.52.131.29,true
164,Lind,Labet,llabet4j@kickstarter.com,Genderqueer,253.198.89.81,false
165,Abra,Jurasz,ajurasz4k@vimeo.com,Female,192.63.103.86,false
166,Ulrika,Furneaux,ufurneaux4l@technorati.com,Female,201.65.213.126,false
167,Ax,Cicchinelli,acicchinelli4m@mozilla.com,Male,62.235.177.237,false
168,Gilemette,Amies,gamies4n@trellian.com,Female,202.155.26.103,true
169,Elsworth,Diamond,ediamond4o@ucoz.ru,Male,6.139.102.139,true
170,Gard,Ponnsett,gponnsett4p@meetup.com,Male,10.211.14.180,false
171,Thaine,Blade,tblade4q@phpbb.com,Male,183.158.229.229,true
172,Rhys,Kleynen,rkleynen4r@t-online.de,Male,9.163.142.230,false
173,Zollie,O'Fihillie,zofihillie4s@dion.ne.jp,Male,147.142.192.22,true
174,Nicolette,Ovid,novid4t@tiny.cc,Non-binary,128.119.204.103,false
175,Zed,Nickless,znickless4u@quantcast.com,Polygender,51.5.182.68,false
176,Blanche,Fairweather,bfairweather4v@unesco.org,Female,110.139.35.173,false
177,Moyna,Gypps,mgypps4w@arstechnica.com,Female,66.131.37.61,true
178,Adolf,Spadollini,aspadollini4x@accuweather.com,Male,251.230.20.197,false
179,Artus,Buckley,abuckley4y@theglobeandmail.com,Male,155.38.29.116,true
180,Jessamine,Reisenstein,jreisenstein4z@webmd.com,Female,114.207.174.225,false
181,Berky,Cominotti,bcominotti50@mashable.com,Male,24.205.164.159,false
182,Mar,Bourdas,mbourdas51@webnode.com,Male,246.30.207.109,false
183,Maridel,Coxhead,mcoxhead52@mtv.com,Female,12.167.92.24,false
184,Roger,Wimms,rwimms53@wsj.com,Male,116.172.211.90,false
185,Tanhya,Puckrin,tpuckrin54@miitbeian.gov.cn,Female,91.254.110.28,false
186,Gussi,Berns,gberns55@techcrunch.com,Female,56.90.42.33,false
187,Gaspard,Coat,gcoat56@elegantthemes.com,Male,193.88.116.73,true
188,Sarette,Torritti,storritti57@wufoo.com,Female,187.8.160.173,false
189,Dedra,Skechley,dskechley58@va.gov,Female,111.164.18.55,true
190,Killy,Rabjohn,krabjohn59@home.pl,Male,116.204.12.118,false
191,Valli,Laughtisse,vlaughtisse5a@hubpages.com,Female,184.67.227.186,true
192,Melony,Suarez,msuarez5b@squarespace.com,Female,12.29.61.196,true
193,Felicio,Slipper,fslipper5c@google.es,Male,128.159.190.240,false
194,Jeffy,Lendrem,jlendrem5d@netvibes.com,Male,218.253.80.174,false
195,Em,Hrinchenko,ehrinchenko5e@drupal.org,Male,117.17.91.168,true
196,Ferris,Hartas,fhartas5f@shutterfly.com,Male,160.13.198.166,false
197,Kyle,Maile,kmaile5g@opera.com,Female,104.27.213.148,false
198,Ramon,McKennan,rmckennan5h@rambler.ru,Male,217.199.205.173,true
199,Wakefield,Verrico,wverrico5i@berkeley.edu,Male,103.121.155.237,true
200,Cart,Apfel,capfel5j@google.com.br,Male,71.230.117.160,false
201,Maressa,Reubbens,mreubbens5k@comcast.net,Bigender,53.36.124.134,false
202,Cathleen,Wingar,cwingar5l@tuttocitta.it,Female,13.132.175.187,false
203,Vernon,Berthod,vberthod5m@godaddy.com,Male,165.115.117.104,false
204,Yvon,Gammade,ygammade5n@slashdot.org,Male,164.207.15.70,true
205,Frankie,Davydzenko,fdavydzenko5o@census.gov,Female,99.37.109.160,false
206,Glendon,Baltzar,gbaltzar5p@pen.io,Genderfluid,73.56.4.233,true
207,Emmery,Enriques,eenriques5q@bbc.co.uk,Male,73.105.64.149,true
208,Darb,Stayte,dstayte5r@blogtalkradio.com,Female,9.120.178.188,true
209,Trevar,Sabate,tsabate5s@nbcnews.com,Genderqueer,76.20.171.183,true
210,Dilan,Hunton,dhunton5t@flavors.me,Male,79.72.61.198,true
211,Sheilah,Feveryear,sfeveryear5u@google.com.hk,Female,215.79.177.138,true
212,Ondrea,Zecchi,ozecchi5v@slate.com,Female,95.212.95.35,false
213,Kissie,Oldknowe,koldknowe5w@wikispaces.com,Female,190.181.222.18,false
214,Joey,Asipenko,jasipenko5x@soup.io,Female,89.178.177.206,false
215,Adrien,Heighway,aheighway5y@cloudflare.com,Bigender,251.20.83.40,false
216,Camella,Pirazzi,cpirazzi5z@google.de,Genderfluid,151.60.152.85,false
217,Bernita,Goodship,bgoodship60@harvard.edu,Female,202.249.81.206,false
218,Osgood,Lermouth,olermouth61@youku.com,Male,152.32.186.185,false
219,Nathanil,Blincowe,nblincowe62@spotify.com,Male,180.48.55.35,true
220,Mathew,Paskell,mpaskell63@goodreads.com,Male,69.86.32.218,true
221,Des,Smee,dsmee64@elegantthemes.com,Male,93.68.42.231,false
222,Randolph,Norgate,rnorgate65@goodreads.com,Male,183.121.186.210,true
223,Rivalee,Clulow,rclulow66@squidoo.com,Female,70.125.25.120,true
224,Baily,Hawkins,bhawkins67@studiopress.com,Male,226.191.235.6,false
225,Murdoch,Malster,mmalster68@arizona.edu,Male,151.225.149.204,true
226,Linnell,Vannucci,lvannucci69@amazon.de,Female,163.158.220.9,false
227,Saundra,Cherryman,scherryman6a@yahoo.com,Male,49.185.143.40,false
228,Alexandro,Morrieson,amorrieson6b@archive.org,Male,154.149.241.29,true
229,Darcey,Pickin,dpickin6c@tmall.com,Female,242.221.182.82,false
230,Malia,Durnian,mdurnian6d@com.com,Female,246.64.203.119,false
231,Corinna,Tommen,ctommen6e@list-manage.com,Female,239.156.148.12,false
232,Britta,Howlings,bhowlings6f@si.edu,Female,114.80.137.206,true
233,Constance,Dikes,cdikes6g@bigcartel.com,Female,225.42.35.185,true
234,Paddie,Poli,ppoli6h@upenn.edu,Male,202.69.228.141,true
235,Abra,Perott,aperott6i@surveymonkey.com,Female,128.249.1.137,false
236,Griswold,Longwood,glongwood6j@opensource.org,Male,42.22.253.246,true
237,Saxon,Hansed,shansed6k@salon.com,Male,214.6.186.227,true
238,Selby,Matschek,smatschek6l@indiegogo.com,Male,180.214.137.181,false
239,Trevar,Jonas,tjonas6m@eepurl.com,Male,117.18.131.81,false
240,Darbee,Heath,dheath6n@ameblo.jp,Male,76.56.47.21,true
241,Rex,Kittless,rkittless6o@whitehouse.gov,Male,86.112.23.238,true
242,Fawnia,MacFadin,fmacfadin6p@flickr.com,Female,131.194.152.229,true
243,Reg,Chastel,rchastel6q@nba.com,Male,35.69.70.202,true
244,Sorcha,Forestel,sforestel6r@reuters.com,Female,99.28.143.92,false
245,Torrin,Devonport,tdevonport6s@netlog.com,Male,205.30.87.220,true
246,Dian,Tumielli,dtumielli6t@nydailynews.com,Female,204.154.31.39,false
247,Garth,Inderwick,ginderwick6u@flavors.me,Male,142.177.137.12,false
248,Rowe,Rastrick,rrastrick6v@tripadvisor.com,Female,250.132.79.239,false
249,Mignonne,Brechin,mbrechin6w@abc.net.au,Female,252.53.112.205,false
250,Almeta,Seago,aseago6x@myspace.com,Female,231.197.183.222,false
251,Sigismond,Crummy,scrummy6y@msn.com,Male,77.139.214.10,true
252,Andromache,Botting,abotting6z@slashdot.org,Female,231.247.114.194,true
253,Elizabet,Sjollema,esjollema70@columbia.edu,Female,149.12.47.200,false
254,Rolfe,Posselt,rposselt71@army.mil,Male,149.18.114.163,false
255,Terri,Gregorio,tgregorio72@livejournal.com,Male,204.117.250.109,false
256,Estelle,Human,ehuman73@creativecommons.org,Female,206.241.71.237,false
257,Kelley,Martinets,kmartinets74@squarespace.com,Male,165.136.147.176,true
258,Lindsey,Canny,lcanny75@ow.ly,Female,6.57.105.185,true
259,Bengt,Desquesnes,bdesquesnes76@live.com,Male,59.22.240.30,false
260,Mavra,Rathmell,mrathmell77@hao123.com,Female,232.113.83.32,true
261,Cirillo,Stonner,cstonner78@merriam-webster.com,Male,90.21.116.151,false
262,Bard,De Winton,bdewinton79@etsy.com,Male,46.35.15.122,false
263,Federico,Davydzenko,fdavydzenko7a@omniture.com,Genderfluid,36.180.188.178,true
264,Julita,Cater,jcater7b@tuttocitta.it,Female,242.132.193.6,false
265,Corri,Leven,cleven7c@mail.ru,Female,85.208.138.64,false
266,Joey,Sowter,jsowter7d@bloglines.com,Male,24.61.108.177,true
267,Lon,Pagan,lpagan7e@hubpages.com,Male,60.140.54.72,false
268,Alberta,Goulborne,agoulborne7f@walmart.com,Non-binary,209.133.236.30,false
269,Conni,Cornelissen,ccornelissen7g@biglobe.ne.jp,Female,219.139.79.254,false
270,Antonio,Passman,apassman7h@mtv.com,Polygender,32.232.72.209,false
271,Marena,Fellibrand,mfellibrand7i@disqus.com,Female,82.112.114.168,false
272,Jacquie,De Gregoli,jdegregoli7j@instagram.com,Female,73.114.83.28,true
273,Nevsa,Karczinski,nkarczinski7k@twitpic.com,Female,132.177.123.49,false
274,Brittne,Murby,bmurby7l@hostgator.com,Female,121.47.10.65,true
275,Hamish,Farndale,hfarndale7m@youtube.com,Male,152.91.196.8,false
276,Clem,Layburn,clayburn7n@weather.com,Male,163.152.250.226,false
277,Dniren,Karpenya,dkarpenya7o@imageshack.us,Female,79.92.84.247,false
278,Johannes,Backs,jbacks7p@oracle.com,Non-binary,38.68.205.161,false
279,Thaddeus,Tayt,ttayt7q@mlb.com,Male,83.175.59.145,false
280,Mayne,Steggles,msteggles7r@liveinternet.ru,Male,127.139.87.162,false
281,Ernesto,Flaverty,eflaverty7s@networksolutions.com,Male,45.114.187.207,true
282,Alyson,Tregunnah,atregunnah7t@marketwatch.com,Female,174.96.49.170,true
283,Skippy,Folland,sfolland7u@blogtalkradio.com,Male,80.27.85.31,false
284,Lesya,Rohfsen,lrohfsen7v@yandex.ru,Female,238.70.239.154,true
285,Marna,Mongan,mmongan7w@symantec.com,Female,248.194.206.92,false
286,Delly,Lazar,dlazar7x@zdnet.com,Female,253.229.19.219,false
287,Red,Flancinbaum,rflancinbaum7y@earthlink.net,Male,21.42.136.110,true
288,Mohandis,Hatwell,mhatwell7z@g.co,Male,79.205.186.203,false
289,Ronny,Oliver-Paull,roliverpaull80@cam.ac.uk,Female,91.196.52.151,true
290,Kania,Simonetti,ksimonetti81@networkadvertising.org,Female,154.175.221.65,true
291,Alvie,Warlow,awarlow82@va.gov,Male,96.139.187.213,false
292,Izzy,Murrey,imurrey83@blog.com,Male,111.21.55.66,true
293,Monique,Leeming,mleeming84@usatoday.com,Female,164.183.17.30,false
294,Bealle,Rozzier,brozzier85@businesswire.com,Male,53.71.194.171,true
295,Harli,Gillies,hgillies86@eventbrite.com,Female,88.103.67.50,false
296,Marv,Penwright,mpenwright87@cnn.com,Male,105.22.140.227,false
297,Thorsten,Gooderson,tgooderson88@altervista.org,Male,30.70.17.192,false
298,Cecilia,Pashley,cpashley89@rakuten.co.jp,Female,143.152.173.171,false
299,Darb,Hannon,dhannon8a@skyrock.com,Female,225.50.242.74,false
300,Costa,Maffeo,cmaffeo8b@bing.com,Male,22.237.216.153,true
301,Henrik,Grene,hgrene8c@china.com.cn,Male,96.78.47.50,false
302,Hurleigh,Syncke,hsyncke8d@google.com,Male,3.92.8.51,true
303,Glen,Wellbelove,gwellbelove8e@washingtonpost.com,Genderqueer,65.38.250.85,false
304,Bonnibelle,Blindermann,bblindermann8f@drupal.org,Female,231.225.163.14,false
305,Wyn,Hollerin,whollerin8g@amazon.co.uk,Bigender,237.24.118.147,false
306,Dorella,Sorton,dsorton8h@ox.ac.uk,Female,138.109.167.88,true
307,Kippar,Jeannel,kjeannel8i@vinaora.com,Agender,219.31.38.68,false
308,Grove,Newland,gnewland8j@prlog.org,Male,130.146.240.171,false
309,Washington,Burgise,wburgise8k@google.co.uk,Male,254.214.176.14,true
310,Thornie,Beilby,tbeilby8l@usnews.com,Male,217.46.211.241,false
311,Karon,Antonikov,kantonikov8m@unesco.org,Bigender,217.92.116.58,true
312,Gabbi,Aird,gaird8n@cargocollective.com,Non-binary,211.28.226.56,true
313,Hobey,Pagett,hpagett8o@sourceforge.net,Male,205.0.29.246,true
314,Emelita,Terren,eterren8p@free.fr,Female,36.56.116.144,true
315,Novelia,Custy,ncusty8q@cmu.edu,Female,122.185.118.186,true
316,Marge,O'Caine,mocaine8r@exblog.jp,Female,237.151.174.54,true
317,Bryn,Licas,blicas8s@webs.com,Female,211.89.254.120,false
318,Field,Tieman,ftieman8t@histats.com,Male,149.179.42.109,false
319,Haze,Harridge,hharridge8u@netlog.com,Male,168.35.183.110,false
320,Heath,Tarply,htarply8v@ebay.com,Female,100.100.167.232,false
321,Lilly,Libbe,llibbe8w@rakuten.co.jp,Female,140.6.219.93,false
322,Borg,Winspeare,bwinspeare8x@answers.com,Male,197.12.0.243,false
323,Barron,Velden,bvelden8y@wikispaces.com,Male,207.251.32.140,true
324,Ninnetta,Maine,nmaine8z@reverbnation.com,Female,100.172.131.13,true
325,Dorella,Grouse,dgrouse90@zdnet.com,Female,150.182.138.98,true
326,Nerita,Keerl,nkeerl91@buzzfeed.com,Non-binary,140.137.7.120,false
327,Ariel,Mugleston,amugleston92@networksolutions.com,Female,191.152.203.159,true
328,Carmelia,Lambillion,clambillion93@biglobe.ne.jp,Female,43.132.69.221,false
329,Adriana,Smelley,asmelley94@nih.gov,Female,233.96.249.21,false
330,Swen,McCullock,smccullock95@amazon.com,Male,223.143.131.162,false
331,Corny,Copplestone,ccopplestone96@timesonline.co.uk,Male,15.191.41.111,true
332,Ariella,Edgin,aedgin97@newyorker.com,Female,38.216.36.48,false
333,Corrine,Waddie,cwaddie98@theatlantic.com,Female,10.199.217.22,true
334,Oneida,Selbie,oselbie99@yandex.ru,Female,92.219.189.39,false
335,Neal,Kubu,nkubu9a@mediafire.com,Male,76.33.198.67,true
336,Dorine,Budgey,dbudgey9b@jimdo.com,Female,117.12.222.208,false
337,Rosie,Drinnan,rdrinnan9c@google.com.au,Female,131.18.52.132,true
338,Seamus,Gulston,sgulston9d@hibu.com,Agender,17.227.164.202,false
339,Bondon,Maude,bmaude9e@jalbum.net,Male,9.25.62.48,true
340,Fairleigh,Lorans,florans9f@newyorker.com,Male,160.88.58.245,false
341,Susanne,Antoniewicz,santoniewicz9g@csmonitor.com,Female,250.90.241.46,true
342,Salem,Berger,sberger9h@google.fr,Male,149.97.206.104,false
343,Myrtie,Beadnall,mbeadnall9i@linkedin.com,Genderfluid,184.38.134.201,false
344,Keith,Garmon,kgarmon9j@wp.com,Male,252.196.25.157,true
345,Gunilla,Norfolk,gnorfolk9k@github.com,Female,162.33.47.51,true
346,Tressa,Korba,tkorba9l@wired.com,Female,50.215.229.29,false
347,Hamnet,Abazi,habazi9m@miibeian.gov.cn,Male,30.142.74.73,false
348,Derk,Blodgett,dblodgett9n@prweb.com,Male,0.169.99.180,true
349,Freeland,Juett,fjuett9o@ebay.co.uk,Male,94.89.103.132,true
350,Ashbey,Jakov,ajakov9p@etsy.com,Male,190.72.223.246,true
351,Barnard,Czaple,bczaple9q@theguardian.com,Male,0.160.178.121,true
352,Abramo,De Filippi,adefilippi9r@google.com.br,Male,101.81.235.112,true
353,Mendel,Cauldwell,mcauldwell9s@npr.org,Genderfluid,112.90.45.227,false
354,Randal,Panther,rpanther9t@wikia.com,Male,77.163.21.51,false
355,Livvie,Molder,lmolder9u@nps.gov,Female,113.25.244.178,false
356,Jeramey,BoHlingolsen,jbohlingolsen9v@kickstarter.com,Male,209.213.130.19,false
357,Izabel,Sedge,isedge9w@creativecommons.org,Female,57.232.121.244,true
358,Yancy,Crayker,ycrayker9x@fc2.com,Male,77.72.94.121,true
359,Olly,Dood,odood9y@imdb.com,Female,80.94.95.11,false
360,Holden,Yuille,hyuille9z@pagesperso-orange.fr,Male,119.127.127.172,true
361,Jeremias,Skittrell,jskittrella0@amazonaws.com,Non-binary,8.5.38.185,false
362,Ilise,Tipping,itippinga1@blog.com,Female,236.26.146.18,false
363,Milli,Cruxton,mcruxtona2@alexa.com,Female,109.191.212.214,false
364,Field,Monte,fmontea3@so-net.ne.jp,Male,119.157.192.218,true
365,Constantina,Lever,clevera4@studiopress.com,Female,95.44.219.70,false
366,Jennifer,McNay,jmcnaya5@newyorker.com,Female,214.203.60.151,false
367,Rhea,Meaddowcroft,rmeaddowcrofta6@purevolume.com,Female,64.100.190.248,false
368,Gwendolin,Luc,gluca7@livejournal.com,Female,52.53.65.101,true
369,Garland,Hazeldean,ghazeldeana8@merriam-webster.com,Female,234.175.154.102,true
370,Bax,Phalp,bphalpa9@clickbank.net,Male,193.71.112.251,true
371,Philip,Sharkey,psharkeyaa@pagesperso-orange.fr,Male,130.169.91.36,false
372,Zonnya,Barrott,zbarrottab@imageshack.us,Female,207.229.172.246,true
373,Bing,Chatwin,bchatwinac@hibu.com,Male,14.66.207.153,false
374,Halsy,Herrieven,hherrievenad@yellowbook.com,Genderfluid,240.87.117.79,true
375,Eustace,Friedenbach,efriedenbachae@blinklist.com,Male,15.193.231.211,false
376,Clare,Yesenev,cyesenevaf@huffingtonpost.com,Female,235.154.48.206,true
377,Pennie,Greatland,pgreatlandag@dagondesign.com,Female,164.173.176.163,true
378,Afton,Sleeman,asleemanah@free.fr,Female,65.140.112.162,false
379,Wilmette,Nussey,wnusseyai@dailymotion.com,Female,161.84.99.57,true
380,Ilene,Giorgetti,igiorgettiaj@google.it,Female,24.220.83.128,false
381,Mike,Hainey,mhaineyak@istockphoto.com,Male,128.129.248.0,true
382,Lilli,Absolom,labsolomal@cisco.com,Female,135.32.173.142,false
383,Lauraine,Grzegorzewicz,lgrzegorzewiczam@marriott.com,Bigender,156.78.11.123,true
384,Corrine,Chieco,cchiecoan@smh.com.au,Female,206.213.63.127,true
385,Almeda,Allison,aallisonao@irs.gov,Female,75.234.51.110,true
386,Billy,Paulmann,bpaulmannap@nih.gov,Male,165.145.131.20,false
387,Felicio,Bythell,fbythellaq@hostgator.com,Polygender,44.229.58.110,true
388,Shanie,Hutable,shutablear@skyrock.com,Female,119.57.107.46,false
389,Agna,Cosh,acoshas@cnet.com,Female,177.197.246.212,false
390,Felice,Woodrup,fwoodrupat@vkontakte.ru,Male,108.54.80.137,false
391,Leila,Albert,lalbertau@latimes.com,Female,235.50.86.119,false
392,Sylas,O'Shavlan,soshavlanav@cargocollective.com,Male,209.242.168.185,false
393,Mommy,Amott,mamottaw@t-online.de,Female,88.56.103.220,true
394,Phillie,Klewi,pklewiax@biblegateway.com,Female,186.116.48.12,false
395,Ellsworth,Lanchbery,elanchberyay@nba.com,Male,95.3.155.173,true
396,Phylys,Thomton,pthomtonaz@issuu.com,Female,99.127.190.135,true
397,Cort,Jeremiah,cjeremiahb0@cornell.edu,Male,85.186.127.249,true
398,Kitty,Bessey,kbesseyb1@latimes.com,Female,59.121.24.191,false
399,Ingamar,Epgrave,iepgraveb2@webnode.com,Male,193.99.17.25,true
400,Orland,Casterton,ocastertonb3@disqus.com,Male,64.68.222.39,false
401,Itch,MacKimm,imackimmb4@gizmodo.com,Genderfluid,63.131.51.28,true
402,Dot,Rowlett,drowlettb5@sciencedirect.com,Female,110.195.230.32,false
403,Minor,Golagley,mgolagleyb6@free.fr,Male,218.65.109.112,false
404,Gilburt,Porrett,gporrettb7@wikipedia.org,Bigender,121.154.27.40,false
405,Kinny,Boulden,kbouldenb8@technorati.com,Male,118.130.63.254,true
406,Howie,Yaus,hyausb9@biglobe.ne.jp,Male,254.160.151.160,false
407,Annmarie,Palatini,apalatiniba@purevolume.com,Female,84.108.189.250,true
408,Amity,Davidovici,adavidovicibb@craigslist.org,Female,123.59.4.85,false
409,Godart,Couthard,gcouthardbc@furl.net,Male,162.40.189.91,true
410,Rafael,Fairfoull,rfairfoullbd@artisteer.com,Male,58.116.199.101,false
411,Costanza,Schade,cschadebe@yolasite.com,Female,222.167.127.161,true
412,Dee dee,Hould,dhouldbf@constantcontact.com,Female,195.74.79.104,true
413,Nydia,Ephgrave,nephgravebg@last.fm,Female,117.190.255.143,false
414,Neel,Harber,nharberbh@moonfruit.com,Male,159.8.198.80,false
415,Jude,Brewett,jbrewettbi@behance.net,Male,210.56.112.113,true
416,Mona,Normanvell,mnormanvellbj@squidoo.com,Female,16.141.201.245,true
417,Cass,Woodison,cwoodisonbk@ameblo.jp,Female,10.103.12.159,true
418,Corrine,Murrhardt,cmurrhardtbl@economist.com,Female,73.155.74.181,false
419,Ranice,Spykings,rspykingsbm@rediff.com,Female,156.154.243.47,false
420,Chico,Zannotelli,czannotellibn@blinklist.com,Male,172.61.24.8,true
421,Immanuel,Thaine,ithainebo@army.mil,Male,171.138.55.227,false
422,Job,Godthaab,jgodthaabbp@naver.com,Male,226.207.5.29,false
423,Grannie,Bosomworth,gbosomworthbq@technorati.com,Male,227.162.146.49,false
424,Darill,Old,doldbr@newyorker.com,Male,85.216.4.30,false
425,Kermy,Boxhall,kboxhallbs@taobao.com,Male,62.195.177.81,false
426,Emeline,Coulbeck,ecoulbeckbt@cnn.com,Female,176.140.53.47,false
427,Allan,Rawstorne,arawstornebu@storify.com,Male,21.31.112.45,false
428,Libbey,Bouch,lbouchbv@woothemes.com,Female,185.200.222.162,false
429,Ninnetta,Saylor,nsaylorbw@buzzfeed.com,Female,213.149.57.99,true
430,Papagena,Calan,pcalanbx@oaic.gov.au,Female,91.213.74.35,false
431,Lazar,Guiduzzi,lguiduzziby@princeton.edu,Male,140.111.41.180,false
432,Kirby,Baldick,kbaldickbz@google.ru,Female,46.11.127.249,false
433,Eugine,Gergolet,egergoletc0@wunderground.com,Female,142.212.136.141,true
434,Kayne,Monument,kmonumentc1@cargocollective.com,Male,241.93.74.94,false
435,Cosmo,Kibbel,ckibbelc2@issuu.com,Male,193.44.137.119,true
436,Harland,Pirnie,hpirniec3@senate.gov,Male,139.157.68.241,true
437,Brittni,Prahl,bprahlc4@moonfruit.com,Female,210.151.216.252,false
438,Omero,Langstone,olangstonec5@marriott.com,Male,80.9.133.161,false
439,Lucius,Kirke,lkirkec6@japanpost.jp,Male,4.60.30.18,true
440,Laura,Stocky,lstockyc7@china.com.cn,Female,183.31.55.242,true
441,Adriena,Potbury,apotburyc8@auda.org.au,Bigender,129.204.137.70,true
442,Sidnee,Lorain,slorainc9@nytimes.com,Male,76.57.227.213,true
443,Ema,Colville,ecolvilleca@w3.org,Female,33.210.137.42,true
444,Maible,Dislee,mdisleecb@ning.com,Female,21.122.184.7,false
445,Naomi,Doud,ndoudcc@tmall.com,Female,13.141.38.111,false
446,Torrance,McKimm,tmckimmcd@fc2.com,Male,69.2.145.50,false
447,Troy,Ostick,tostickce@sbwire.com,Male,226.2.255.80,true
448,Corabel,Powdrell,cpowdrellcf@sphinn.com,Agender,255.127.209.164,true
449,Godfry,Kiggel,gkiggelcg@sina.com.cn,Male,230.99.108.212,true
450,Sybil,Tomich,stomichch@usda.gov,Polygender,230.136.127.182,false
451,Jasun,Bonar,jbonarci@nasa.gov,Male,11.29.5.60,true
452,Pierce,Sulter,psultercj@redcross.org,Male,28.254.108.26,true
453,Karolina,Caldecutt,kcaldecuttck@samsung.com,Female,155.154.226.220,false
454,Corby,Rait,craitcl@csmonitor.com,Male,147.152.109.69,true
455,Efren,Samme,esammecm@pinterest.com,Male,114.107.69.244,true
456,Kass,Brawson,kbrawsoncn@usa.gov,Female,247.113.19.121,false
457,Stanwood,Grissett,sgrissettco@redcross.org,Male,44.197.237.126,true
458,Valery,Lyvon,vlyvoncp@cdc.gov,Female,112.71.87.45,true
459,Ive,Gilbertson,igilbertsoncq@accuweather.com,Male,13.16.208.180,true
460,Paolina,Piddocke,ppiddockecr@paypal.com,Female,218.51.199.22,true
461,Ches,O'Heagertie,coheagertiecs@noaa.gov,Male,39.191.16.151,false
462,Gwyn,Goodband,ggoodbandct@usgs.gov,Female,244.212.146.232,true
463,Gertrudis,Brade,gbradecu@bloglines.com,Female,13.112.21.219,false
464,Gabbie,McVrone,gmcvronecv@auda.org.au,Male,232.227.128.157,true
465,Pat,Almon,palmoncw@blog.com,Male,58.224.51.205,false
466,Kaleena,Whitland,kwhitlandcx@phpbb.com,Female,72.118.211.38,false
467,Bearnard,Farherty,bfarhertycy@twitpic.com,Male,72.110.20.122,true
468,Gaylor,Ickovitz,gickovitzcz@blogtalkradio.com,Male,251.166.238.158,false
469,Inger,McGinly,imcginlyd0@etsy.com,Female,237.153.174.155,true
470,Wynne,Oxenbury,woxenburyd1@icio.us,Female,219.85.73.208,false
471,Erinna,Rraundl,erraundld2@japanpost.jp,Female,91.218.142.15,true
472,Antons,Derkes,aderkesd3@indiegogo.com,Male,45.116.6.24,true
473,Anni,Shuttle,ashuttled4@google.com.au,Female,41.6.65.160,false
474,Fabien,Collaton,fcollatond5@google.co.jp,Male,41.40.239.62,false
475,Yance,Lichtfoth,ylichtfothd6@gizmodo.com,Male,34.202.21.22,false
476,Andrew,Wreak,awreakd7@weebly.com,Male,98.125.58.65,false
477,Richart,Furtado,rfurtadod8@cnet.com,Male,216.221.200.77,false
478,Harriet,Fain,hfaind9@usda.gov,Polygender,208.7.241.44,true
479,Ainslie,Stitch,astitchda@shinystat.com,Polygender,45.15.229.115,false
480,Fredia,Corck,fcorckdb@ihg.com,Female,128.164.204.210,false
481,Matthias,Briggs,mbriggsdc@chron.com,Male,93.96.84.46,true
482,Carlita,Cullagh,ccullaghdd@slashdot.org,Female,64.165.166.123,false
483,Olvan,Maddick,omaddickde@engadget.com,Male,134.196.240.252,false
484,Gibbie,Whiley,gwhileydf@barnesandnoble.com,Male,84.155.155.65,true
485,Jackie,D'Agostini,jdagostinidg@senate.gov,Male,163.127.115.214,true
486,Bonnee,McIvor,bmcivordh@google.ru,Female,226.64.45.115,true
487,Blinnie,Lehrmann,blehrmanndi@parallels.com,Female,1.193.223.60,false
488,Cordi,Begley,cbegleydj@alibaba.com,Female,123.105.23.147,false
489,Hermine,Audsley,haudsleydk@samsung.com,Female,69.255.125.63,false
490,Aldridge,Alvarez,aalvarezdl@discuz.net,Male,208.221.8.129,true
491,Gusti,Dulwitch,gdulwitchdm@1und1.de,Female,49.201.174.69,true
492,Gordan,Mordon,gmordondn@youtu.be,Male,114.51.211.212,false
493,Staford,Errigo,serrigodo@netscape.com,Male,21.162.127.186,true
494,Rhodie,MacMychem,rmacmychemdp@jimdo.com,Female,136.148.8.157,false
495,Roberto,Abela,rabeladq@ning.com,Male,47.219.5.178,true
496,Layne,Castangia,lcastangiadr@abc.net.au,Female,43.196.33.90,false
497,Yard,Sterricks,ysterricksds@ca.gov,Male,27.93.45.148,false
498,Milicent,Lilford,mlilforddt@squarespace.com,Non-binary,229.137.152.168,false
499,Tanny,Lassen,tlassendu@mapquest.com,Male,241.201.53.103,true
500,Audrey,Marcinkus,amarcinkusdv@163.com,Female,126.33.157.59,true
501,Alina,Sanderson,asandersondw@tiny.cc,Female,123.244.34.115,false
502,Hazlett,Haucke,hhauckedx@npr.org,Male,164.131.158.77,true
503,Gussie,Ludl,gludldy@yellowbook.com,Female,73.144.62.185,true
504,Farlay,Pieracci,fpieraccidz@tinyurl.com,Male,99.174.161.70,true
505,Dannel,Maus,dmause0@tinypic.com,Male,4.251.220.23,true
506,Tabbie,Camerello,tcamerelloe1@unblog.fr,Male,151.196.39.80,false
507,Townie,Marmion,tmarmione2@weebly.com,Male,203.180.97.44,false
508,Pren,Corkel,pcorkele3@networksolutions.com,Male,13.6.149.59,true
509,Shaine,Palliser,spallisere4@omniture.com,Male,109.53.156.91,true
510,Dasi,Whieldon,dwhieldone5@reddit.com,Female,4.215.184.183,false
511,Coraline,Innwood,cinnwoode6@bandcamp.com,Female,182.180.247.76,true
512,Duane,Braun,dbraune7@wordpress.com,Male,25.117.226.57,true
513,Alexandr,Hanretty,ahanrettye8@xinhuanet.com,Male,114.79.189.12,true
514,Elwood,Whartonby,ewhartonbye9@tiny.cc,Male,236.124.230.7,true
515,Rona,Polhill,rpolhillea@free.fr,Female,93.196.13.68,false
516,Dino,Haggeth,dhaggetheb@etsy.com,Male,154.18.156.58,true
517,Bryan,Castiglioni,bcastiglioniec@disqus.com,Male,25.189.32.138,false
518,Tallie,Ianson,tiansoned@digg.com,Female,26.43.168.170,false
519,Troy,Sirette,tsiretteee@ask.com,Male,57.48.5.207,true
520,Teresina,Beamont,tbeamontef@twitter.com,Female,125.101.182.13,false
521,Sharai,Hallworth,shallwortheg@netvibes.com,Female,125.68.132.138,true
522,Fonz,Sciacovelli,fsciacovellieh@slate.com,Male,27.138.113.96,true
523,Bard,Manifield,bmanifieldei@cnbc.com,Male,94.135.133.234,false
524,Elora,Lindhe,elindheej@fc2.com,Female,85.79.217.216,false
525,Dulci,Penvarden,dpenvardenek@squarespace.com,Female,34.177.237.169,true
526,Gail,Cowlas,gcowlasel@amazon.com,Female,126.38.70.173,false
527,Nonie,Spencelayh,nspencelayhem@slate.com,Female,211.237.32.194,true
528,Kettie,Rodrigo,krodrigoen@123-reg.co.uk,Bigender,233.105.163.148,true
529,Keven,Linzee,klinzeeeo@chron.com,Male,155.162.87.230,true
530,Rhianon,Ellwell,rellwellep@simplemachines.org,Female,155.75.195.213,true
531,Saundra,Propper,sproppereq@shinystat.com,Male,254.63.31.190,false
532,Tess,Conboy,tconboyer@homestead.com,Female,129.94.91.121,true
533,Marris,Dodsworth,mdodsworthes@taobao.com,Female,60.178.73.71,false
534,Fletch,Swiffin,fswiffinet@utexas.edu,Male,129.59.73.23,false
535,Hadleigh,Marchent,hmarchenteu@utexas.edu,Male,69.167.67.211,true
536,Herschel,MacDearmaid,hmacdearmaidev@harvard.edu,Male,85.218.162.100,true
537,Meriel,Yurchishin,myurchishinew@spotify.com,Female,199.105.196.87,true
538,Remy,Sandcroft,rsandcroftex@house.gov,Female,177.119.218.151,true
539,Odelinda,Dunbabin,odunbabiney@sciencedaily.com,Female,255.173.77.146,false
540,Jed,Chafney,jchafneyez@cdc.gov,Male,48.22.44.2,true
541,Mischa,Boteman,mbotemanf0@yellowpages.com,Male,156.236.33.171,false
542,Arley,Phillput,aphillputf1@constantcontact.com,Male,189.246.75.238,false
543,Ivor,Mandry,imandryf2@webnode.com,Male,26.136.3.27,false
544,Goldarina,Conry,gconryf3@icq.com,Female,31.169.82.143,true
545,Monah,d' Eye,mdeyef4@gizmodo.com,Polygender,69.131.128.155,false
546,Roarke,Messer,rmesserf5@unicef.org,Male,65.76.38.69,true
547,Reinald,Leatt,rleattf6@rakuten.co.jp,Male,173.247.165.186,true
548,Benjamin,Leal,blealf7@stanford.edu,Male,145.144.179.147,true
549,Xylia,Bim,xbimf8@joomla.org,Female,201.98.152.106,true
550,Sinclair,Collisson,scollissonf9@dailymotion.com,Male,125.203.202.172,false
551,Frances,Loughhead,floughheadfa@freewebs.com,Bigender,151.120.181.252,true
552,Binni,Morecomb,bmorecombfb@cbc.ca,Female,33.78.242.67,true
553,Roselia,Pickthall,rpickthallfc@constantcontact.com,Female,29.182.234.212,true
554,Kessia,Earngy,kearngyfd@yolasite.com,Female,191.173.21.188,true
555,Geraldine,Makey,gmakeyfe@mac.com,Female,211.33.212.148,false
556,Marguerite,Eyrl,meyrlff@trellian.com,Female,189.130.13.188,false
557,Miles,Zoppie,mzoppiefg@ed.gov,Male,44.9.203.124,false
558,Ambrosio,Strodder,astrodderfh@engadget.com,Male,147.156.110.112,false
559,Delmor,Eakeley,deakeleyfi@miibeian.gov.cn,Male,165.38.190.131,false
560,Jeff,Isherwood,jisherwoodfj@blog.com,Male,71.174.60.232,true
561,Currie,Passie,cpassiefk@mysql.com,Male,142.184.32.92,false
562,Moore,Tax,mtaxfl@gravatar.com,Male,25.140.95.195,true
563,Desiree,Farress,dfarressfm@forbes.com,Female,80.2.191.238,false
564,Michaella,Wasiel,mwasielfn@hexun.com,Genderfluid,154.144.6.67,false
565,Broderic,Bawme,bbawmefo@mayoclinic.com,Male,245.106.197.225,true
566,Dalis,Betteson,dbettesonfp@netscape.com,Male,44.38.183.190,true
567,Ker,Adshed,kadshedfq@dell.com,Male,54.207.156.247,true
568,Aeriela,Turneaux,aturneauxfr@stumbleupon.com,Female,13.232.102.15,false
569,Galen,Sharvell,gsharvellfs@creativecommons.org,Male,192.31.214.206,true
570,Moses,Longwood,mlongwoodft@liveinternet.ru,Male,237.30.19.63,true
571,Rorie,Cooney,rcooneyfu@prnewswire.com,Female,150.82.166.183,false
572,Wit,Scibsey,wscibseyfv@ezinearticles.com,Male,82.231.239.54,true
573,Nikki,Meriot,nmeriotfw@google.com.hk,Male,223.7.144.105,true
574,Cristiano,Aartsen,caartsenfx@usnews.com,Male,72.19.169.122,true
575,Jeffie,Greetham,jgreethamfy@plala.or.jp,Male,42.63.173.1,false
576,Marga,Waterhous,mwaterhousfz@washingtonpost.com,Female,228.116.24.58,false
577,Evelyn,Scyone,escyoneg0@wired.com,Male,227.130.222.222,true
578,Creight,Rubenovic,crubenovicg1@patch.com,Male,156.192.96.191,true
579,Ashlee,Storrier,astorrierg2@jimdo.com,Female,198.229.12.166,true
580,Emelina,Fullagar,efullagarg3@google.de,Female,66.175.93.212,true
581,Duffie,Tregidgo,dtregidgog4@dot.gov,Polygender,29.200.107.27,true
582,Brietta,Abramovic,babramovicg5@si.edu,Female,135.140.197.215,false
583,Duky,McElane,dmcelaneg6@amazonaws.com,Male,40.84.83.69,false
584,Merilyn,Boyfield,mboyfieldg7@goo.ne.jp,Female,247.122.154.240,true
585,Gloria,Shallcrass,gshallcrassg8@time.com,Female,215.201.163.32,false
586,Dory,Cavie,dcavieg9@vkontakte.ru,Male,220.3.96.14,false
587,Kath,Curnnokk,kcurnnokkga@issuu.com,Female,174.231.91.52,false
588,Fredrika,Ealden,fealdengb@vistaprint.com,Female,178.109.199.82,false
589,Bev,Sampey,bsampeygc@tamu.edu,Male,221.196.15.249,true
590,Sigfried,Lewin,slewingd@weibo.com,Male,205.146.15.49,false
591,Elmira,Andreolli,eandreollige@apache.org,Female,184.17.44.203,true
592,Keri,Mussilli,kmussilligf@tinyurl.com,Female,243.197.104.153,false
593,Saundra,Mathet,smathetgg@drupal.org,Female,250.217.166.161,false
594,Phip,Di Franceschi,pdifranceschigh@cafepress.com,Male,125.236.60.57,false
595,Bernhard,Notti,bnottigi@domainmarket.com,Male,79.176.138.156,true
596,Letty,Burl,lburlgj@cdc.gov,Female,238.125.13.103,true
597,Millard,Ruberti,mrubertigk@independent.co.uk,Male,238.2.136.165,false
598,Maje,Littlewood,mlittlewoodgl@time.com,Male,137.180.68.129,true
599,Letizia,Albin,lalbingm@japanpost.jp,Female,54.208.114.36,true
600,Cris,Agus,cagusgn@sphinn.com,Male,98.39.227.118,true
601,Hettie,Blowing,hblowinggo@rambler.ru,Female,218.189.237.206,false
602,Annmarie,Readie,areadiegp@blogger.com,Polygender,198.244.86.159,true
603,Marylinda,Seacombe,mseacombegq@yellowpages.com,Female,250.13.104.136,false
604,Scarlet,Reignard,sreignardgr@last.fm,Female,128.198.85.76,false
605,Marianna,Taleworth,mtaleworthgs@oaic.gov.au,Non-binary,147.98.92.30,true
606,Fara,Vauls,fvaulsgt@sitemeter.com,Female,247.14.147.44,true
607,Giovanna,Wooster,gwoostergu@senate.gov,Female,182.173.83.99,false
608,Pennie,Watson,pwatsongv@shareasale.com,Female,11.26.146.78,true
609,Freddy,Gallear,fgalleargw@dot.gov,Female,210.161.87.16,true
610,Griff,Goude,ggoudegx@netscape.com,Male,22.105.41.208,true
611,Cairistiona,Dishman,cdishmangy@seesaa.net,Female,230.10.96.189,true
612,Avictor,Lummis,alummisgz@goo.gl,Male,97.0.140.204,true
613,Buck,Davidove,bdavidoveh0@pen.io,Male,159.196.160.207,false
614,Gail,Bellin,gbellinh1@wired.com,Genderfluid,158.60.37.163,true
615,Celesta,Heninghem,cheninghemh2@mtv.com,Female,141.132.235.160,true
616,Mandy,Skirrow,mskirrowh3@theguardian.com,Female,3.1.215.85,false
617,Itch,Loweth,ilowethh4@cloudflare.com,Male,43.0.38.224,false
618,Hunter,Brittoner,hbrittonerh5@xinhuanet.com,Male,72.214.227.207,true
619,Dixie,Kuhnert,dkuhnerth6@pbs.org,Female,112.62.219.169,false
620,Murvyn,Jeanneau,mjeanneauh7@youku.com,Male,182.14.31.122,true
621,Davita,Marskell,dmarskellh8@bandcamp.com,Female,170.251.61.12,true
622,Merrili,Billes,mbillesh9@spiegel.de,Female,121.1.128.1,true
623,Hillary,Handsheart,hhandsheartha@nbcnews.com,Female,57.247.217.137,false
624,Jess,Paulot,jpaulothb@lulu.com,Male,232.99.134.31,false
625,Callie,Gatcliff,cgatcliffhc@wikimedia.org,Female,105.27.237.202,true
626,Emanuele,Veryard,everyardhd@cmu.edu,Genderqueer,72.176.51.179,true
627,Gauthier,Esgate,gesgatehe@scribd.com,Male,199.52.66.71,true
628,Duncan,Anstie,danstiehf@moonfruit.com,Polygender,248.81.188.24,true
629,Godard,Ovize,govizehg@amazonaws.com,Male,254.114.250.211,true
630,Dulcy,Faivre,dfaivrehh@storify.com,Female,125.76.90.51,false
631,Lusa,Stormes,lstormeshi@over-blog.com,Bigender,142.124.64.124,false
632,Candy,Casement,ccasementhj@quantcast.com,Female,198.13.33.158,false
633,Phip,Saffle,psafflehk@4shared.com,Male,38.204.195.242,true
634,Myrle,Jimenez,mjimenezhl@friendfeed.com,Female,100.36.161.116,true
635,Olly,Hassey,ohasseyhm@ft.com,Polygender,90.6.16.244,true
636,Jo,Quigley,jquigleyhn@linkedin.com,Female,89.182.246.19,false
637,Cobbie,Loadsman,cloadsmanho@netvibes.com,Male,59.100.167.11,false
638,Berty,Beardall,bbeardallhp@theatlantic.com,Male,97.203.31.168,false
639,Farah,Lemanu,flemanuhq@ezinearticles.com,Female,40.87.34.29,false
640,Rodge,Gyppes,rgyppeshr@samsung.com,Male,160.27.100.17,true
641,Trisha,Baignard,tbaignardhs@mlb.com,Female,53.72.161.199,true
642,Petronia,Selland,psellandht@uol.com.br,Female,239.19.16.33,true
643,Derry,Becarra,dbecarrahu@kickstarter.com,Male,66.81.88.185,true
644,Philippine,Kippins,pkippinshv@free.fr,Female,166.127.246.144,false
645,Mario,Bottoner,mbottonerhw@narod.ru,Male,179.131.36.187,true
646,Natalee,Isted,nistedhx@salon.com,Female,208.62.23.65,false
647,Jeffrey,McKyrrelly,jmckyrrellyhy@berkeley.edu,Male,135.239.216.39,false
648,Wildon,Broker,wbrokerhz@slideshare.net,Male,107.132.141.233,false
649,Zorina,Neve,znevei0@mayoclinic.com,Agender,148.84.97.48,true
650,Brit,Millwater,bmillwateri1@va.gov,Female,105.68.190.34,false
651,Deeann,Passe,dpassei2@facebook.com,Female,115.38.142.226,true
652,Madelena,Wooffitt,mwooffitti3@theguardian.com,Female,4.248.7.109,false
653,Gaylord,Everil,geverili4@tinyurl.com,Male,210.120.18.161,true
654,Dyan,Lenard,dlenardi5@disqus.com,Female,219.0.155.108,true
655,Mercedes,Conws,mconwsi6@dropbox.com,Female,105.89.161.43,false
656,Edy,Schrader,eschraderi7@discovery.com,Female,145.73.216.46,true
657,Grethel,Caesman,gcaesmani8@tripod.com,Female,62.249.186.9,false
658,Caryl,Rowcastle,crowcastlei9@apache.org,Female,201.24.151.61,false
659,Northrup,Dignon,ndignonia@lycos.com,Male,83.98.113.239,false
660,Darrick,Chattell,dchattellib@qq.com,Male,57.217.93.236,false
661,Lacie,Grzesiak,lgrzesiakic@live.com,Female,17.254.187.144,true
662,Sheree,Drakeley,sdrakeleyid@netvibes.com,Female,112.9.113.244,true
663,Carroll,Rolin,crolinie@paginegialle.it,Male,15.192.27.64,false
664,Baron,Bonifacio,bbonifacioif@dailymail.co.uk,Male,24.157.123.20,false
665,Camey,Housaman,chousamanig@ucsd.edu,Male,244.174.56.160,false
666,Erinna,Edmeads,eedmeadsih@symantec.com,Female,7.230.0.253,true
667,Ania,Creamen,acreamenii@google.ru,Agender,37.247.250.171,true
668,Blancha,Bielefeld,bbielefeldij@woothemes.com,Female,198.61.30.212,false
669,Isidore,Barszczewski,ibarszczewskiik@flavors.me,Genderfluid,78.80.151.166,true
670,Bradford,Tranfield,btranfieldil@com.com,Male,160.162.162.137,true
671,Farand,Howard - Gater,fhowardgaterim@printfriendly.com,Female,231.119.138.159,true
672,Hillary,Brighty,hbrightyin@google.es,Female,165.130.52.229,false
673,Esmeralda,Isted,eistedio@bigcartel.com,Female,193.249.108.59,false
674,Guglielmo,Silbersak,gsilbersakip@reuters.com,Male,78.175.33.132,true
675,Kristian,Charrisson,kcharrissoniq@cyberchimps.com,Male,254.10.174.166,false
676,Gilberta,Sagerson,gsagersonir@mit.edu,Female,104.78.152.36,true
677,Iolande,Auletta,iaulettais@last.fm,Female,90.49.4.59,false
678,Elga,Bradlaugh,ebradlaughit@blogspot.com,Female,40.232.124.242,true
679,Debra,Antognozzii,dantognozziiiu@goo.gl,Genderqueer,234.11.254.2,false
680,Joyce,Bonnett,jbonnettiv@issuu.com,Female,121.255.112.220,true
681,Glenda,Cowden,gcowdeniw@123-reg.co.uk,Female,154.138.53.17,false
682,Natala,Abelson,nabelsonix@taobao.com,Female,232.206.57.204,false
683,Rickie,Wesley,rwesleyiy@vk.com,Male,188.116.192.211,false
684,Malcolm,Treadgear,mtreadgeariz@sitemeter.com,Male,39.124.182.219,true
685,Lani,Samson,lsamsonj0@un.org,Bigender,42.255.235.182,false
686,Dion,Harris,dharrisj1@cbc.ca,Male,63.57.89.22,false
687,Roselin,Fahy,rfahyj2@salon.com,Female,90.165.199.205,false
688,Adrea,Burford,aburfordj3@jiathis.com,Bigender,123.6.218.76,false
689,Jack,Margetson,jmargetsonj4@eventbrite.com,Male,250.38.71.98,false
690,Catlee,Schimon,cschimonj5@amazon.com,Female,118.192.230.153,false
691,Morris,Staig,mstaigj6@tripadvisor.com,Male,90.22.156.122,false
692,Nert,Danat,ndanatj7@usda.gov,Female,239.124.210.60,true
693,Arielle,Royste,aroystej8@wikispaces.com,Female,22.238.28.95,false
694,Truman,Reyes,treyesj9@surveymonkey.com,Male,1.121.69.32,true
695,Jonas,Gresly,jgreslyja@indiegogo.com,Male,233.25.115.156,true
696,Lonni,Pealing,lpealingjb@ehow.com,Female,57.197.116.127,false
697,Alric,Snoddin,asnoddinjc@dailymotion.com,Male,167.207.218.81,false
698,Janella,Pydcock,jpydcockjd@blogger.com,Female,188.51.111.101,false
699,Kelsy,Cadell,kcadellje@wufoo.com,Genderqueer,110.169.64.170,true
700,Samara,Everly,severlyjf@imgur.com,Female,237.244.4.150,true
701,Codie,Daysh,cdayshjg@360.cn,Bigender,23.178.142.22,true
702,Brew,Bartol,bbartoljh@wufoo.com,Male,255.193.10.142,false
703,Gale,Barneveld,gbarneveldji@reverbnation.com,Female,146.252.88.66,false
704,Kirk,Wankel,kwankeljj@surveymonkey.com,Male,25.119.184.32,true
705,Jaquenette,Borel,jboreljk@latimes.com,Female,75.199.24.51,true
706,Mariette,Dollard,mdollardjl@mtv.com,Female,189.3.226.20,true
707,Berne,MacDiarmond,bmacdiarmondjm@wisc.edu,Male,121.118.128.181,true
708,Waly,Verny,wvernyjn@ezinearticles.com,Female,4.139.249.162,false
709,Laurens,Deppen,ldeppenjo@artisteer.com,Male,201.14.118.251,true
710,Daron,Gaddes,dgaddesjp@engadget.com,Male,47.107.70.17,false
711,Addia,Dmytryk,admytrykjq@goo.gl,Female,170.169.29.237,false
712,Dacia,Grzelak,dgrzelakjr@kickstarter.com,Female,63.157.243.197,true
713,Kenna,Collelton,kcolleltonjs@ustream.tv,Female,249.159.247.130,false
714,Shannah,Fearnyhough,sfearnyhoughjt@dagondesign.com,Female,83.35.194.224,false
715,Katinka,Wressell,kwressellju@geocities.com,Female,129.169.239.30,true
716,Giacopo,Kinglake,gkinglakejv@goo.gl,Polygender,111.69.174.63,true
717,Corabelle,Fallis,cfallisjw@blogs.com,Female,30.192.41.227,false
718,Mallory,Gulc,mgulcjx@jiathis.com,Female,216.42.57.232,false
719,Wilie,Norton,wnortonjy@constantcontact.com,Female,237.212.47.180,false
720,Jermayne,Bucknill,jbucknilljz@google.com,Male,252.95.49.255,false
721,Yorgo,Lydster,ylydsterk0@flickr.com,Male,49.204.221.16,false
722,Emmett,Hartfleet,ehartfleetk1@usda.gov,Male,48.154.219.162,true
723,Angelico,Conklin,aconklink2@java.com,Male,10.220.4.2,false
724,Robinson,Squirrell,rsquirrellk3@naver.com,Male,109.164.32.200,false
725,Alma,Spikings,aspikingsk4@i2i.jp,Female,178.194.4.217,true
726,Eden,Tanswill,etanswillk5@oaic.gov.au,Female,98.66.8.254,false
727,Ivett,Seargeant,iseargeantk6@paginegialle.it,Bigender,50.43.101.21,false
728,Isabelita,Huygen,ihuygenk7@com.com,Female,235.126.218.45,false
729,Malinda,Lemonnier,mlemonnierk8@symantec.com,Genderqueer,163.26.80.172,false
730,Byrom,Murdy,bmurdyk9@seattletimes.com,Male,188.129.183.209,false
731,Trula,Goosnell,tgoosnellka@sourceforge.net,Non-binary,77.123.217.246,false
732,Casi,Prynne,cprynnekb@edublogs.org,Female,196.194.29.25,false
733,Roma,Bernardotti,rbernardottikc@hugedomains.com,Male,130.156.105.52,false
734,Michail,Okenden,mokendenkd@dropbox.com,Male,62.66.86.150,false
735,Taite,Pobjay,tpobjayke@webs.com,Male,108.37.22.218,true
736,Jammie,Roubert,jroubertkf@webmd.com,Female,89.18.189.154,false
737,Arin,Mustill,amustillkg@cargocollective.com,Male,15.155.222.51,false
738,Bernita,Jephson,bjephsonkh@adobe.com,Female,203.153.167.105,true
739,Valery,Ryles,vryleski@bbc.co.uk,Female,52.23.134.93,true
740,Allys,Dimbleby,adimblebykj@sciencedaily.com,Female,110.221.130.211,true
741,Consolata,Prudham,cprudhamkk@usnews.com,Female,52.200.121.201,true
742,Oliver,Strelitzki,ostrelitzkikl@mozilla.com,Male,42.49.199.23,true
743,Nevsa,Breinl,nbreinlkm@infoseek.co.jp,Polygender,202.77.116.17,false
744,Alexandr,Bonnaire,abonnairekn@hhs.gov,Male,240.163.158.138,false
745,Lotte,Ardy,lardyko@fema.gov,Female,46.173.173.113,true
746,Wilfrid,Hanhardt,whanhardtkp@desdev.cn,Male,162.217.229.17,true
747,Tamqrah,Fortoun,tfortounkq@e-recht24.de,Female,80.190.32.9,false
748,Kelby,Janecek,kjanecekkr@ameblo.jp,Male,202.86.196.47,false
749,Pippa,Gerg,pgergks@google.co.jp,Female,248.158.186.223,false
750,Dael,Chiplen,dchiplenkt@sohu.com,Female,71.7.174.217,true
751,Odele,De Marchi,odemarchiku@tripadvisor.com,Female,123.87.55.136,true
752,Corbett,Dolle,cdollekv@buzzfeed.com,Male,219.149.76.124,true
753,Portie,Mitchely,pmitchelykw@ed.gov,Male,251.123.198.244,true
754,Nannette,Ping,npingkx@paginegialle.it,Female,122.103.229.195,true
755,Isacco,Le Gassick,ilegassickky@woothemes.com,Male,125.11.213.162,false
756,Rafe,Clapton,rclaptonkz@instagram.com,Male,105.158.218.91,true
757,Lyssa,Chupin,lchupinl0@shareasale.com,Female,254.4.209.165,true
758,Graham,Hrihorovich,ghrihorovichl1@npr.org,Agender,224.140.194.128,false
759,Issie,Lambregts,ilambregtsl2@i2i.jp,Female,10.48.85.163,false
760,Abel,Tanslie,atansliel3@google.cn,Male,23.103.157.52,false
761,Cobb,Strowan,cstrowanl4@imdb.com,Male,97.198.252.86,true
762,Colly,Rouch,crouchl5@mapy.cz,Female,169.108.61.64,true
763,Jermain,Bland,jblandl6@google.ca,Male,141.151.228.194,true
764,Elvis,Bolden,eboldenl7@nyu.edu,Male,32.135.32.205,true
765,Padraig,Prigg,ppriggl8@blogspot.com,Male,52.142.153.50,true
766,Kermy,Croster,kcrosterl9@umn.edu,Polygender,17.102.73.247,false
767,Marleah,Twinborough,mtwinboroughla@narod.ru,Female,167.44.51.41,false
768,Gaven,Urquhart,gurquhartlb@msn.com,Male,21.100.58.165,false
769,Babette,Mollin,bmollinlc@goodreads.com,Female,46.46.48.43,false
770,Anstice,Foulger,afoulgerld@seattletimes.com,Female,227.180.234.237,true
771,Rudolf,Barbie,rbarbiele@narod.ru,Male,87.224.60.8,true
772,Carmine,O'Loinn,coloinnlf@bluehost.com,Male,7.140.74.129,false
773,Jobina,Riseam,jriseamlg@cocolog-nifty.com,Female,68.91.8.39,true
774,Holly,Hickin,hhickinlh@epa.gov,Male,84.140.92.90,true
775,Ira,Eddisford,ieddisfordli@berkeley.edu,Male,32.215.175.243,false
776,Luciano,Keary,lkearylj@last.fm,Male,252.42.30.210,false
777,Aimil,Syddon,asyddonlk@nbcnews.com,Female,52.115.189.83,false
778,Annie,Gittings,agittingsll@army.mil,Female,32.145.46.193,false
779,Cherie,Norvel,cnorvellm@techcrunch.com,Female,196.185.51.18,false
780,Dorri,Desouza,ddesouzaln@blinklist.com,Female,6.161.154.43,true
781,Clarine,Case,ccaselo@t.co,Female,83.140.11.80,false
782,Anthiathia,Crawley,acrawleylp@discuz.net,Female,197.92.49.18,true
783,Noak,Popham,npophamlq@google.com.br,Male,134.28.236.47,true
784,Elizabeth,Rigler,eriglerlr@dailymail.co.uk,Non-binary,66.103.10.34,true
785,Tatum,Breheny,tbrehenyls@diigo.com,Female,183.8.185.202,false
786,Deidre,Bogue,dboguelt@unblog.fr,Female,161.57.58.141,true
787,Delinda,Duetsche,dduetschelu@issuu.com,Female,10.172.130.73,true
788,Web,Brenneke,wbrennekelv@amazon.com,Male,104.190.246.111,false
789,Dante,Frickey,dfrickeylw@nps.gov,Male,252.53.105.84,true
790,Ilario,Pavitt,ipavittlx@ebay.com,Male,58.240.63.164,false
791,Liliane,Paolacci,lpaolaccily@domainmarket.com,Female,5.214.180.79,false
792,Doralia,Blackah,dblackahlz@blogger.com,Female,87.223.75.108,true
793,Ansel,Coughan,acoughanm0@weibo.com,Male,160.139.195.199,true
794,Isac,Ca,icam1@sbwire.com,Male,161.60.48.87,true
795,Rebekkah,Giaomozzo,rgiaomozzom2@smugmug.com,Female,31.132.99.54,false
796,Kathye,Dellenbach,kdellenbachm3@noaa.gov,Female,4.13.0.11,false
797,Shanan,Kiffe,skiffem4@prnewswire.com,Male,187.33.140.207,false
798,Brice,Thomsen,bthomsenm5@ft.com,Male,119.114.137.244,false
799,Rebecka,Usherwood,rusherwoodm6@va.gov,Female,178.138.16.227,true
800,Eleonora,Bollands,ebollandsm7@shop-pro.jp,Female,166.226.120.144,false
801,Silvan,Gittins,sgittinsm8@auda.org.au,Male,194.50.222.210,false
802,Ruby,Stothart,rstothartm9@usa.gov,Female,83.37.42.90,false
803,Ethelbert,Gippes,egippesma@digg.com,Male,197.233.174.194,false
804,Consuela,Haldin,chaldinmb@istockphoto.com,Female,224.117.218.11,false
805,Rena,Elsmore,relsmoremc@networksolutions.com,Female,219.70.194.26,false
806,Ogdon,Giovannelli,ogiovannellimd@over-blog.com,Male,10.21.231.239,true
807,Ludvig,Martynikhin,lmartynikhinme@taobao.com,Male,201.201.75.93,true
808,Casandra,Tremathack,ctremathackmf@squidoo.com,Female,155.235.111.113,false
809,Lydia,Humphris,lhumphrismg@shop-pro.jp,Female,218.233.77.62,false
810,Curtis,Kauschke,ckauschkemh@nationalgeographic.com,Male,0.88.169.177,false
811,Sheree,Gatenby,sgatenbymi@google.nl,Female,51.236.119.176,false
812,Frederik,Cawsy,fcawsymj@paypal.com,Male,214.252.161.119,true
813,Clerc,Mosedill,cmosedillmk@issuu.com,Male,113.226.199.93,true
814,Gustav,Oddboy,goddboyml@samsung.com,Male,90.51.149.230,true
815,Tyrone,Gomer,tgomermm@marriott.com,Male,253.170.207.30,false
816,Filippa,Dugue,fduguemn@taobao.com,Female,155.98.169.227,false
817,Gwenette,Olliar,golliarmo@gmpg.org,Female,180.39.242.33,true
818,Virginia,Vampouille,vvampouillemp@opensource.org,Female,65.221.150.100,true
819,Sue,Noddle,snoddlemq@sun.com,Female,122.23.97.62,false
820,Philly,Simanenko,psimanenkomr@de.vu,Female,154.159.176.161,false
821,Griz,Broz,gbrozms@spotify.com,Male,99.60.132.155,true
822,Emylee,Flight,eflightmt@ftc.gov,Female,17.172.177.107,false
823,Angelico,Greest,agreestmu@businessweek.com,Male,71.150.128.155,false
824,Nissie,Hadingham,nhadinghammv@amazon.co.jp,Female,3.3.76.178,true
825,Sandye,Celand,scelandmw@imgur.com,Female,56.220.47.208,true
826,Goddart,Marciek,gmarciekmx@ow.ly,Male,104.178.169.58,false
827,Magnum,Bellchamber,mbellchambermy@blogger.com,Male,34.127.173.140,false
828,Joanne,Bedinn,jbedinnmz@chicagotribune.com,Female,163.72.61.99,true
829,Raeann,Verney,rverneyn0@utexas.edu,Female,106.63.78.207,false
830,Sammie,Barnsdale,sbarnsdalen1@ucsd.edu,Male,223.227.81.79,false
831,Margot,Glanfield,mglanfieldn2@usa.gov,Female,57.56.218.248,true
832,Katee,Dissman,kdissmann3@homestead.com,Female,27.205.82.224,false
833,Merle,Fitzgerald,mfitzgeraldn4@yale.edu,Female,26.107.184.49,false
834,Ilsa,Essel,iesseln5@homestead.com,Female,206.179.108.233,false
835,Ada,Collumbell,acollumbelln6@go.com,Female,160.52.98.39,false
836,Dotti,Oliva,dolivan7@artisteer.com,Female,158.210.235.192,true
837,Allie,Ludewig,aludewign8@uol.com.br,Male,136.83.0.2,true
838,Tom,Hollidge,thollidgen9@sciencedaily.com,Male,153.22.218.244,false
839,Arel,Stollwerck,astollwerckna@go.com,Male,97.25.47.79,false
840,Roscoe,Clapton,rclaptonnb@si.edu,Male,237.38.253.108,true
841,Montague,Freda,mfredanc@so-net.ne.jp,Male,38.209.36.245,true
842,Rockey,Sobey,rsobeynd@reuters.com,Male,199.128.35.96,false
843,Annis,Jarmyn,ajarmynne@hhs.gov,Female,36.208.119.17,true
844,Maggee,Crocetti,mcrocettinf@netscape.com,Genderqueer,246.155.251.56,true
845,Hagen,Sheppard,hsheppardng@berkeley.edu,Male,66.171.175.67,true
846,Goddart,Andreuzzi,gandreuzzinh@behance.net,Male,134.91.32.61,false
847,Agnesse,Arendt,aarendtni@hostgator.com,Female,201.232.107.5,true
848,Emilee,Wiltsher,ewiltshernj@dmoz.org,Female,4.223.161.205,false
849,Pincas,Harborow,pharborownk@chicagotribune.com,Male,146.194.189.167,false
850,Brana,Burnup,bburnupnl@yolasite.com,Female,135.218.60.167,true
851,Stavros,Lawrence,slawrencenm@thetimes.co.uk,Male,142.126.48.100,false
852,Mufinella,Ingarfield,mingarfieldnn@delicious.com,Female,154.67.33.150,true
853,Eliza,Aglione,eaglioneno@ow.ly,Female,151.188.126.183,true
854,Gae,Castano,gcastanonp@ovh.net,Female,15.71.60.201,true
855,Morgan,Fernley,mfernleynq@google.com,Female,98.25.156.238,false
856,Antonius,Ridgley,aridgleynr@apache.org,Male,26.111.48.69,false
857,Pierce,Atkirk,patkirkns@unblog.fr,Male,23.123.29.55,true
858,Micaela,Tebbut,mtebbutnt@ehow.com,Female,155.137.23.204,false
859,Bayard,Bandey,bbandeynu@123-reg.co.uk,Male,65.173.128.199,false
860,Adan,Cohani,acohaninv@mozilla.com,Male,229.3.15.39,false
861,Caro,Caswill,ccaswillnw@howstuffworks.com,Female,161.134.50.194,false
862,Micah,Thurlborn,mthurlbornnx@xinhuanet.com,Male,98.199.225.89,false
863,Bendite,Fawcus,bfawcusny@rakuten.co.jp,Female,195.58.134.117,false
864,Yves,Bamblett,ybamblettnz@elegantthemes.com,Male,104.70.52.251,false
865,Alyssa,Adamowicz,aadamowiczo0@yale.edu,Female,156.54.225.117,true
866,Cedric,Jandera,cjanderao1@umn.edu,Male,209.162.252.102,false
867,Eolande,Oakman,eoakmano2@yahoo.co.jp,Female,152.9.214.91,false
868,Niccolo,Eggleton,neggletono3@samsung.com,Male,235.134.126.81,true
869,Andras,Lammertz,alammertzo4@narod.ru,Genderfluid,33.171.58.212,true
870,Erskine,Aslin,easlino5@uiuc.edu,Male,51.153.238.145,false
871,Pam,Vanyushkin,pvanyushkino6@huffingtonpost.com,Female,95.176.134.185,false
872,Morey,Dobbs,mdobbso7@scribd.com,Male,27.102.128.248,false
873,Darby,Conan,dconano8@hp.com,Female,225.47.169.40,false
874,Shela,Corkish,scorkisho9@mit.edu,Female,205.235.210.110,true
875,Maribelle,Carslaw,mcarslawoa@newyorker.com,Female,80.235.22.113,false
876,Hansiain,Herries,hherriesob@geocities.com,Male,16.61.133.163,true
877,Elora,Caines,ecainesoc@geocities.jp,Female,250.22.16.5,false
878,Celle,Esley,cesleyod@google.nl,Female,4.154.109.188,true
879,Ber,Draysey,bdrayseyoe@last.fm,Male,186.191.86.215,false
880,Gina,Coplestone,gcoplestoneof@gmpg.org,Female,0.136.228.215,true
881,Vivia,Kemmet,vkemmetog@webnode.com,Female,1.85.114.240,false
882,Bathsheba,Duplock,bduplockoh@quantcast.com,Female,125.33.50.26,false
883,Dorry,McInteer,dmcinteeroi@who.int,Bigender,125.127.136.56,false
884,Raphaela,Rayer,rrayeroj@blogspot.com,Genderqueer,207.94.114.11,true
885,Egor,Naisby,enaisbyok@rambler.ru,Male,40.111.107.112,true
886,Jehanna,Piers,jpiersol@jalbum.net,Female,99.161.94.220,true
887,Susan,Olliff,solliffom@123-reg.co.uk,Female,152.41.96.205,false
888,Donaugh,Rosenthaler,drosenthaleron@4shared.com,Male,72.175.142.249,false
889,Olivette,Labrom,olabromoo@yolasite.com,Female,1.129.37.33,false
890,Darrin,Olliver,dolliverop@ted.com,Male,240.215.149.36,true
891,Jaquenetta,Muffitt,jmuffittoq@chronoengine.com,Non-binary,74.129.18.182,false
892,Finn,Comsty,fcomstyor@chron.com,Male,168.106.152.55,true
893,Letty,Thomke,lthomkeos@flickr.com,Female,129.10.77.103,false
894,Zacharia,Argabrite,zargabriteot@cbc.ca,Male,166.119.177.73,true
895,Dannel,Fluit,dfluitou@vinaora.com,Male,141.153.58.32,true
896,Clementius,Clayill,cclayillov@paypal.com,Male,27.255.172.83,true
897,Loutitia,McMurray,lmcmurrayow@smh.com.au,Bigender,232.138.232.5,true
898,Igor,Willisch,iwillischox@epa.gov,Male,72.60.28.65,true
899,Brod,Jiruca,bjirucaoy@hubpages.com,Male,152.61.67.208,true
900,Willard,Wiggington,wwiggingtonoz@bbc.co.uk,Male,100.85.38.28,true
901,Frannie,Adamik,fadamikp0@microsoft.com,Female,113.137.192.144,true
902,Michael,Goodspeed,mgoodspeedp1@sitemeter.com,Male,221.5.23.63,true
903,Hadleigh,Gherardini,hgherardinip2@netscape.com,Male,139.111.47.237,true
904,Fraser,Kenson,fkensonp3@purevolume.com,Male,66.27.31.149,false
905,Hart,Adnett,hadnettp4@telegraph.co.uk,Genderqueer,120.254.31.208,false
906,Owen,Youthead,oyoutheadp5@nih.gov,Male,124.107.202.72,false
907,Karee,Scopes,kscopesp6@purevolume.com,Female,189.161.90.31,true
908,Loutitia,Scholte,lscholtep7@bloglovin.com,Polygender,169.127.17.99,false
909,Dory,McGillivray,dmcgillivrayp8@example.com,Female,147.129.120.107,false
910,Elliot,Peers,epeersp9@mysql.com,Male,111.81.213.221,false
911,Seth,Doumerque,sdoumerquepa@discovery.com,Male,131.94.22.9,true
912,Rockie,Farrow,rfarrowpb@yandex.ru,Male,17.215.164.146,false
913,Angie,Duffett,aduffettpc@discovery.com,Male,148.126.129.51,false
914,Hans,Toffoletto,htoffolettopd@yolasite.com,Male,164.7.254.172,true
915,Bartlet,Djorvic,bdjorvicpe@wunderground.com,Male,141.1.112.131,false
916,Athene,Loker,alokerpf@omniture.com,Female,247.11.155.35,true
917,Marlin,Pixton,mpixtonpg@springer.com,Genderqueer,211.215.164.161,true
918,Chalmers,Yanele,cyaneleph@gnu.org,Male,133.235.75.92,true
919,Godfrey,Jendrassik,gjendrassikpi@quantcast.com,Male,222.94.219.188,false
920,Kenny,Twining,ktwiningpj@unesco.org,Male,130.134.184.228,false
921,Sean,Riddell,sriddellpk@nsw.gov.au,Female,234.138.52.167,true
922,Bellanca,Lacelett,blacelettpl@comcast.net,Female,31.88.21.66,false
923,Joyann,Crowd,jcrowdpm@geocities.com,Female,156.61.227.204,false
924,Geordie,Ommundsen,gommundsenpn@washingtonpost.com,Male,188.138.99.12,true
925,Johna,Elijah,jelijahpo@qq.com,Female,14.66.251.157,false
926,Teddi,Coop,tcooppp@merriam-webster.com,Female,224.77.233.69,false
927,Cleveland,Baysting,cbaystingpq@desdev.cn,Male,141.66.143.160,false
928,Mohandis,Tzuker,mtzukerpr@telegraph.co.uk,Male,105.229.27.181,true
929,Cordie,Artois,cartoisps@nyu.edu,Male,183.67.250.210,true
930,Gabriell,Pitsall,gpitsallpt@feedburner.com,Female,146.208.135.123,true
931,Aili,Dawdry,adawdrypu@parallels.com,Female,194.40.173.177,false
932,Lisle,Paske,lpaskepv@netscape.com,Male,155.149.229.11,true
933,Rois,Marks,rmarkspw@weather.com,Female,84.217.29.142,true
934,Matelda,Rea,mreapx@bbc.co.uk,Female,246.56.1.97,false
935,Fields,Futty,ffuttypy@t.co,Male,102.23.97.51,false
936,Nolie,Harrill,nharrillpz@whitehouse.gov,Female,124.78.139.243,true
937,Toni,Masserel,tmasserelq0@army.mil,Female,108.91.45.230,true
938,Cathy,Vasler,cvaslerq1@wordpress.org,Female,148.207.1.199,true
939,Zak,Nappin,znappinq2@zimbio.com,Male,105.77.43.57,false
940,Pandora,Chubb,pchubbq3@istockphoto.com,Female,244.167.213.17,false
941,Cassandry,Almeida,calmeidaq4@sogou.com,Female,68.16.199.216,false
942,Bryanty,Andreasen,bandreasenq5@ucoz.ru,Male,2.100.64.109,true
943,Forester,Bugbee,fbugbeeq6@pcworld.com,Male,133.40.19.95,true
944,Robert,Conry,rconryq7@nasa.gov,Male,46.7.88.19,true
945,Ronnie,Wewell,rwewellq8@gnu.org,Male,4.14.106.111,false
946,Hy,Cockcroft,hcockcroftq9@oracle.com,Male,228.56.92.203,true
947,Shaylyn,Gleave,sgleaveqa@vistaprint.com,Genderfluid,117.229.186.177,true
948,Stanleigh,Bambra,sbambraqb@nbcnews.com,Male,233.11.120.110,true
949,Sterling,Swateridge,sswateridgeqc@mlb.com,Male,147.182.151.157,false
950,Tailor,Rutherforth,trutherforthqd@exblog.jp,Male,3.68.72.61,true
951,Solly,Croose,scrooseqe@stanford.edu,Male,68.12.130.61,true
952,Corrinne,Poynor,cpoynorqf@shareasale.com,Female,122.30.132.210,true
953,Shara,Candlin,scandlinqg@un.org,Female,179.152.146.131,true
954,Pietro,Quinnelly,pquinnellyqh@amazonaws.com,Male,164.16.251.226,false
955,Antoinette,McOrkil,amcorkilqi@friendfeed.com,Female,35.67.191.36,false
956,Edgardo,Flatte,eflatteqj@live.com,Male,158.223.102.8,false
957,Ash,Cracknell,acracknellqk@weather.com,Male,133.107.241.170,false
958,Jeanne,Ions,jionsql@smh.com.au,Female,196.116.4.42,false
959,Carmella,Dugget,cduggetqm@nymag.com,Female,37.57.219.241,false
960,Timofei,Von Welldun,tvonwelldunqn@gov.uk,Male,107.106.17.65,true
961,Ketty,Ruos,kruosqo@uiuc.edu,Female,174.203.255.211,false
962,Freddie,Dallmann,fdallmannqp@homestead.com,Female,177.37.39.33,true
963,Cathie,Wisby,cwisbyqq@wsj.com,Female,1.153.115.93,true
964,Jocelyn,Denniss,jdennissqr@mayoclinic.com,Female,70.123.152.212,false
965,Timofei,Rasor,trasorqs@ameblo.jp,Agender,93.83.200.23,false
966,Gaile,Kingcote,gkingcoteqt@newyorker.com,Male,120.62.242.230,true
967,Rosabella,Errol,rerrolqu@ucoz.com,Non-binary,24.188.76.148,true
968,Vernice,Duchenne,vduchenneqv@macromedia.com,Female,50.155.127.2,true
969,Flory,Mellings,fmellingsqw@shop-pro.jp,Female,223.83.113.222,true
970,Malia,Pickard,mpickardqx@yolasite.com,Female,164.214.207.26,false
971,Hyacintha,Partlett,hpartlettqy@berkeley.edu,Female,166.140.157.52,true
972,Alexi,Pendlebury,apendleburyqz@stumbleupon.com,Genderqueer,236.165.191.98,false
973,Rachael,Itscowics,ritscowicsr0@issuu.com,Female,202.161.166.57,false
974,Vic,Seeviour,vseeviourr1@sohu.com,Male,147.202.139.125,true
975,Jonas,Smithers,jsmithersr2@nydailynews.com,Male,33.32.21.176,false
976,Riley,Lansdowne,rlansdowner3@irs.gov,Male,201.1.55.154,true
977,Thibaut,Jan,tjanr4@scientificamerican.com,Male,203.247.249.182,true
978,Veronike,Duffie,vduffier5@simplemachines.org,Female,117.3.154.84,true
979,Rhys,Bramhill,rbramhillr6@vkontakte.ru,Male,249.53.103.155,false
980,Bibbye,Regnard,bregnardr7@va.gov,Female,203.66.129.243,false
981,Verla,Pregel,vpregelr8@mashable.com,Female,135.68.120.107,false
982,Heidie,Arnaud,harnaudr9@51.la,Female,85.237.39.143,true
983,Cesya,Cruces,ccrucesra@ox.ac.uk,Bigender,101.24.51.48,false
984,Archibaldo,Fermer,afermerrb@va.gov,Male,200.229.53.188,false
985,Dawn,Tuminelli,dtuminellirc@google.fr,Female,68.212.173.139,false
986,Catharine,Mohammad,cmohammadrd@usgs.gov,Female,170.98.136.5,false
987,Loydie,Adamski,ladamskire@paypal.com,Male,172.70.44.220,false
988,Ruddy,Oger,rogerrf@ustream.tv,Male,19.126.5.119,true
989,Frasco,Boutflour,fboutflourrg@tumblr.com,Male,31.110.213.153,false
990,Shellysheldon,Capnerhurst,scapnerhurstrh@myspace.com,Male,42.54.73.33,true
991,Tobiah,Westell,twestellri@comsenz.com,Male,144.102.69.34,true
992,Phaidra,McQuilliam,pmcquilliamrj@issuu.com,Female,85.49.182.181,false
993,Erick,Balfe,ebalferk@ftc.gov,Male,39.217.92.70,true
994,Ulberto,Frarey,ufrareyrl@tinyurl.com,Male,184.41.101.141,true
995,Jeanie,Whittingham,jwhittinghamrm@cafepress.com,Female,160.83.132.25,false
996,Davide,Cowlas,dcowlasrn@ucoz.ru,Male,250.27.31.241,true
997,Corella,Southwell,csouthwellro@sbwire.com,Female,204.177.96.176,true
998,Jobina,Beale,jbealerp@zimbio.com,Female,242.72.88.155,false
999,Giacomo,Sizey,gsizeyrq@delicious.com,Male,138.195.112.209,false
1000,Luigi,Stirzaker,lstirzakerrr@friendfeed.com,Non-binary,239.184.200.191,false
